,index,annotation.0.centerX,annotation.0.centerY,annotation.0.width,annotation.0.height,annotation.0.labels.0,path
0,1,0.216820987654321,0.4013888865341375,0.2422839506172839,0.2546296296296296,30kmh,30kmh/img100.png
1,2,0.7044753086419753,0.6413580223366067,0.2885802469135802,0.2993827160493827,30kmh,30kmh/img101.png
2,3,0.6304012345679012,0.2378086396205572,0.2175925925925925,0.3379629629629629,30kmh,30kmh/img102.png
3,4,0.7052469135802469,0.611265429744014,0.212962962962963,0.2391975308641975,30kmh,30kmh/img103.png
4,5,0.474537037037037,0.6475308618427795,0.1435185185185185,0.2808641975308642,30kmh,30kmh/img104.png
5,6,0.5887345679012346,0.3890432075217918,0.1929012345679012,0.2515432098765432,30kmh,30kmh/img105.png
6,7,0.4992283950617284,0.478549380361298,0.1651234567901234,0.2237654320987654,30kmh,30kmh/img106.png
7,8,0.4483024691358024,0.3003086396205572,0.1558641975308642,0.2469135802469136,30kmh,30kmh/img107.png
8,9,0.6049382716049383,0.7748456766575943,0.1481481481481481,0.2268518518518518,30kmh,30kmh/img108.png
9,10,0.6952160493827161,0.5341049359168535,0.1682098765432098,0.199074074074074,30kmh,30kmh/img1086.png
10,11,0.8703703703703703,0.6807098741884585,0.2654320987654321,0.2638888888888889,30kmh,30kmh/img1087.png
11,12,0.658179012345679,0.6583333309785819,0.2021604938271605,0.2345679012345678,30kmh,30kmh/img1088.png
12,13,,,,,,30kmh/img1089.png
13,14,0.7006172839506173,0.6374999976452486,0.2098765432098766,0.2268518518518518,30kmh,30kmh/img109.png
14,15,0.3179012345679012,0.3844135778921621,0.2438271604938271,0.2824074074074073,30kmh,30kmh/img1090.png
15,16,0.5108024691358025,0.7925925902378412,0.1851851851851851,0.2870370370370371,30kmh,30kmh/img1091.png
16,17,0.6242283950617284,0.7154320964106806,0.1466049382716049,0.265432098765432,30kmh,30kmh/img1092.png
17,18,0.2330246913580247,0.6521604914724091,0.1944444444444444,0.2962962962962963,30kmh,30kmh/img1093.png
18,19,0.3387345679012346,0.5672839482625326,0.1743827160493827,0.1882716049382716,30kmh,30kmh/img1094.png
19,20,0.2901234567901234,0.2138888865341374,0.1975308641975308,0.2376543209876543,30kmh,30kmh/img1095.png
20,21,0.2438271604938272,0.1552469112254955,0.1234567901234568,0.2067901234567901,30kmh,30kmh/img1096.png
21,22,0.3256172839506173,0.2270061704847547,0.1234567901234567,0.1867283950617284,30kmh,30kmh/img1097.png
22,23,0.7083333333333334,0.2162037013489523,0.1080246913580247,0.1898148148148148,30kmh,30kmh/img1098.png
23,24,0.2716049382716049,0.2702160470279646,0.1296296296296296,0.1651234567901234,30kmh,30kmh/img1099.png
24,25,0.449074074074074,0.3381172815958658,0.1574074074074074,0.1867283950617284,30kmh,30kmh/img110.png
25,26,0.4436728395061728,0.1861111087563597,0.2052469135802468,0.228395061728395,30kmh,30kmh/img1100.png
26,27,0.6080246913580247,0.30648147912673,0.1419753086419752,0.1975308641975308,30kmh,30kmh/img1101.png
27,28,0.6026234567901234,0.4723765408551251,0.3780864197530864,0.507716049382716,30kmh,30kmh/img1102.png
28,29,0.2716049382716049,0.2856481457933967,0.1975308641975308,0.220679012345679,30kmh,30kmh/img1103.png
29,30,0.3117283950617284,0.3712962939415449,0.2067901234567901,0.2407407407407407,30kmh,30kmh/img1104.png
30,31,0.3611111111111111,0.2547839482625326,0.1728395061728395,0.2391975308641975,30kmh,30kmh/img1105.png
31,32,0.5208333333333334,0.6706790099909277,0.1805555555555555,0.25,30kmh,30kmh/img1106.png
32,33,0.691358024691358,0.4916666643119152,0.1851851851851852,0.169753086419753,30kmh,30kmh/img1107.png
33,34,0.3132716049382716,0.1945987630773473,0.1635802469135802,0.2145061728395061,30kmh,30kmh/img1108.png
34,35,0.2746913580246913,0.4229938248057424,0.1666666666666666,0.1774691358024691,30kmh,30kmh/img1109.png
35,36,0.6064814814814815,0.5047839482625325,0.1388888888888888,0.1527777777777778,30kmh,30kmh/img111.png
36,37,0.3595679012345679,0.4762345655464832,0.1265432098765432,0.132716049382716,30kmh,30kmh/img1110.png
37,38,0.3441358024691358,0.5495370346822857,0.1358024691358024,0.1805555555555555,30kmh,30kmh/img1111.png
38,39,0.5941358024691358,0.2956790099909276,0.2129629629629629,0.2037037037037037,30kmh,30kmh/img1112.png
39,40,0.4976851851851852,0.2447530840650016,0.1435185185185185,0.228395061728395,30kmh,30kmh/img1113.png
40,41,,,,,,30kmh/img1114.png
41,42,0.2492283950617284,0.2200617260403103,0.140432098765432,0.2006172839506173,30kmh,30kmh/img1115.png
42,43,0.2901234567901234,0.4191358001143844,0.1728395061728395,0.1790123456790123,30kmh,30kmh/img1116.png
43,44,0.537037037037037,0.5811728371514214,0.1234567901234567,0.191358024691358,30kmh,30kmh/img1117.png
44,45,0.5077160493827161,0.4438271581390757,0.1574074074074074,0.2098765432098764,30kmh,30kmh/img1118.png
45,46,0.3950617283950617,0.228549380361298,0.1728395061728395,0.2762345679012346,30kmh,30kmh/img1119.png
46,47,0.6728395061728395,0.3751543186329029,0.2037037037037037,0.2299382716049383,30kmh,30kmh/img112.png
47,48,0.4629629629629629,0.7833333309785819,0.1666666666666666,0.3425925925925925,30kmh,30kmh/img1120.png
48,49,0.2021604938271605,0.4692901211020387,0.2345679012345679,0.2391975308641975,30kmh,30kmh/img1121.png
49,50,0.5131172839506173,0.7640432075217918,0.199074074074074,0.3101851851851852,30kmh,30kmh/img1122.png
50,51,0.2939814814814814,0.7146604914724091,0.2052469135802469,0.3194444444444444,30kmh,30kmh/img1123.png
51,52,0.6481481481481481,0.464660491472409,0.2067901234567901,0.2268518518518518,30kmh,30kmh/img1124.png
52,53,,,,,,30kmh/img1125.png
53,54,0.2492283950617284,0.3427469112254955,0.2669753086419753,0.2700617283950617,30kmh,30kmh/img1126.png
54,55,0.6736111111111112,0.6722222198674708,0.2391975308641974,0.2777777777777778,30kmh,30kmh/img1127.png
55,56,0.5316358024691358,0.2169753062872239,0.2978395061728395,0.3364197530864197,30kmh,30kmh/img1128.png
56,57,0.6728395061728395,0.6459876519662362,0.1882716049382715,0.2530864197530863,30kmh,30kmh/img1129.png
57,58,0.6234567901234568,0.7624999976452486,0.1697530864197531,0.2237654320987654,30kmh,30kmh/img113.png
58,59,,,,,,30kmh/img1130.png
59,60,0.6141975308641976,0.3836419729538906,0.1728395061728395,0.2253086419753086,30kmh,30kmh/img1131.png
60,61,0.503858024691358,0.4739197507316683,0.1682098765432098,0.2237654320987654,30kmh,30kmh/img1132.png
61,62,0.4614197530864198,0.2995370346822856,0.1450617283950617,0.2669753086419753,30kmh,30kmh/img1133.png
62,63,0.5617283950617283,0.7887345655464832,0.1604938271604938,0.236111111111111,30kmh,30kmh/img1134.png
63,64,0.6520061728395061,0.6807098741884585,0.1435185185185185,0.2299382716049383,30kmh,30kmh/img1135.png
64,65,0.4513888888888888,0.3481481457933967,0.1373456790123456,0.2098765432098765,30kmh,30kmh/img1136.png
65,66,0.5864197530864197,0.5510802445588289,0.1574074074074073,0.1805555555555555,30kmh,30kmh/img1137.png
66,67,0.6813271604938271,0.3774691334477177,0.1898148148148147,0.2129629629629629,30kmh,30kmh/img1138.png
67,68,0.6018518518518519,0.7671296272748782,0.1604938271604938,0.2268518518518518,30kmh,30kmh/img1139.png
68,69,0.404320987654321,0.5047839482625325,0.1234567901234567,0.1466049382716049,30kmh,30kmh/img114.png
69,70,0.4104938271604938,0.4708333309785819,0.154320987654321,0.1682098765432098,30kmh,30kmh/img1140.png
70,71,0.3811728395061728,0.511728392706977,0.2253086419753086,0.1512345679012345,30kmh,30kmh/img1141.png
71,72,0.3827160493827161,0.4623456766575943,0.2098765432098765,0.154320987654321,30kmh,30kmh/img115.png
72,73,0.7052469135802469,0.4978395038180881,0.1882716049382715,0.1944444444444444,30kmh,30kmh/img1599.png
73,74,0.8317901234567902,0.7501543186329029,0.2314814814814815,0.2608024691358024,30kmh,30kmh/img1600.png
74,75,0.5887345679012346,0.7007716025835202,0.1651234567901234,0.2608024691358024,30kmh,30kmh/img1601.png
75,76,0.2330246913580247,0.5094135778921622,0.2685185185185185,0.2484567901234567,30kmh,30kmh/img1602.png
76,77,0.3595679012345679,0.30648147912673,0.1882716049382716,0.2716049382716049,30kmh,30kmh/img1603.png
77,78,0.4598765432098766,0.7933641951761128,0.1419753086419753,0.2669753086419753,30kmh,30kmh/img1604.png
78,79,0.6651234567901234,0.6930555532008041,0.1944444444444445,0.242283950617284,30kmh,30kmh/img1605.png
79,80,0.2986111111111111,0.7239197507316684,0.2638888888888889,0.2762345679012346,30kmh,30kmh/img1606.png
80,81,0.3348765432098765,0.5711419729538906,0.1944444444444444,0.1774691358024691,30kmh,30kmh/img1607.png
81,82,0.4112654320987654,0.1513888865341374,0.2021604938271605,0.257716049382716,30kmh,30kmh/img1608.png
82,83,0.3179012345679012,0.1081790099909276,0.132716049382716,0.1836419753086419,30kmh,30kmh/img1609.png
83,84,0.3950617283950617,0.2046296272748782,0.0987654320987654,0.1604938271604938,30kmh,30kmh/img1610.png
84,85,0.6597222222222222,0.1861111087563597,0.1095679012345678,0.1666666666666666,30kmh,30kmh/img1611.png
85,86,0.3942901234567901,0.1753086396205572,0.1219135802469136,0.1574074074074073,30kmh,30kmh/img1612.png
86,87,0.4537037037037037,0.1768518494971004,0.2160493827160494,0.2253086419753086,30kmh,30kmh/img1613.png
87,88,0.4915123456790123,0.28719135566994,0.1558641975308641,0.1496913580246913,30kmh,30kmh/img1614.png
88,89,0.6010802469135802,0.4677469112254955,0.3811728395061728,0.4984567901234568,30kmh,30kmh/img1615.png
89,90,0.3564814814814815,0.2023148124600634,0.1944444444444444,0.2391975308641975,30kmh,30kmh/img1616.png
90,91,0.3047839506172839,0.3836419729538906,0.2083333333333333,0.2160493827160493,30kmh,30kmh/img1617.png
91,92,0.3047839506172839,0.328086417398335,0.1774691358024691,0.2067901234567901,30kmh,30kmh/img1618.png
92,93,0.5239197530864197,0.6660493803612979,0.1959876543209876,0.2253086419753086,30kmh,30kmh/img1619.png
93,94,0.683641975308642,0.5549382692501869,0.1882716049382716,0.2098765432098765,30kmh,30kmh/img1620.png
94,95,0.386574074074074,0.1521604914724091,0.1743827160493827,0.2376543209876543,30kmh,30kmh/img1621.png
95,96,0.2692901234567901,0.529475306287224,0.2175925925925926,0.1589506172839506,30kmh,30kmh/img1622.png
96,97,0.3518518518518518,0.5009259235711745,0.1666666666666666,0.1512345679012345,30kmh,30kmh/img1623.png
97,98,0.3410493827160493,0.5595678988798165,0.1172839506172839,0.1481481481481481,30kmh,30kmh/img1624.png
98,99,0.6149691358024691,0.3118827136946313,0.2052469135802468,0.2114197530864197,30kmh,30kmh/img1625.png
99,100,0.5771604938271605,0.2516975285094461,0.1481481481481481,0.2330246913580246,30kmh,30kmh/img1626.png
100,101,0.5362654320987654,0.3288580223366066,0.1712962962962962,0.1959876543209877,30kmh,30kmh/img1627.png
101,102,0.3325617283950617,0.1560185161637671,0.1743827160493826,0.2145061728395061,30kmh,30kmh/img1628.png
102,103,0.2854938271604938,0.5248456766575943,0.2253086419753086,0.1805555555555555,30kmh,30kmh/img1629.png
103,104,0.533179012345679,0.5973765408551251,0.1219135802469135,0.1867283950617284,30kmh,30kmh/img1630.png
104,105,0.4969135802469135,0.4453703680156189,0.1666666666666666,0.2191358024691357,30kmh,30kmh/img1631.png
105,106,0.324074074074074,0.2841049359168535,0.2345679012345679,0.2885802469135802,30kmh,30kmh/img1632.png
106,107,0.4344135802469135,0.7871913556699399,0.1435185185185185,0.33179012345679,30kmh,30kmh/img1633.png
107,108,0.2083333333333333,0.5441358001143844,0.2222222222222222,0.2376543209876543,30kmh,30kmh/img1634.png
108,109,0.4359567901234568,0.7478395038180881,0.2175925925925925,0.3395061728395062,30kmh,30kmh/img1635.png
109,110,0.2878086419753086,0.7084876519662362,0.2114197530864197,0.3132716049382716,30kmh,30kmh/img1636.png
110,111,0.6388888888888888,0.4754629606082116,0.2438271604938272,0.257716049382716,30kmh,30kmh/img1637.png
111,112,0.5748456790123457,0.794907405052656,0.2021604938271605,0.3317901234567901,30kmh,30kmh/img1638.png
112,113,0.2183641975308641,0.4299382692501868,0.2546296296296296,0.2592592592592592,30kmh,30kmh/img1639.png
113,114,0.6959876543209877,0.6521604914724091,0.2746913580246913,0.2932098765432098,30kmh,30kmh/img1640.png
114,115,0.6157407407407407,0.2354938248057424,0.2129629629629629,0.3271604938271605,30kmh,30kmh/img1641.png
115,116,0.6813271604938271,0.6320987630773474,0.1651234567901234,0.2438271604938271,30kmh,30kmh/img1642.png
116,117,0.5092592592592593,0.6483024667810511,0.1604938271604937,0.2145061728395061,30kmh,30kmh/img1643.png
117,118,0.5972222222222222,0.3820987630773473,0.2006172839506173,0.2376543209876542,30kmh,30kmh/img1644.png
118,119,0.503858024691358,0.4685185161637671,0.1435185185185185,0.228395061728395,30kmh,30kmh/img1645.png
119,120,0.452932098765432,0.3010802445588288,0.1712962962962962,0.2608024691358024,30kmh,30kmh/img1646.png
120,121,0.525462962962963,0.7895061704847548,0.1157407407407407,0.2438271604938271,30kmh,30kmh/img1647.png
121,122,0.6944444444444444,0.6320987630773474,0.169753086419753,0.2037037037037037,30kmh,30kmh/img1648.png
122,123,0.4583333333333333,0.3512345655464831,0.1512345679012346,0.2037037037037036,30kmh,30kmh/img1649.png
123,124,0.5895061728395061,0.5402777754230264,0.1419753086419753,0.1743827160493827,30kmh,30kmh/img1650.png
124,125,0.720679012345679,0.4499999976452486,0.169753086419753,0.2407407407407408,30kmh,30kmh/img1651.png
125,126,0.5709876543209876,0.779475306287224,0.1419753086419752,0.2268518518518518,30kmh,30kmh/img1652.png
126,127,0.412037037037037,0.5418209852995696,0.1512345679012345,0.1373456790123456,30kmh,30kmh/img1653.png
127,128,0.8233024691358024,0.7470678988798165,0.2484567901234567,0.2669753086419753,30kmh,30kmh/img2113.png
128,129,0.6489197530864197,0.6729938248057424,0.2021604938271605,0.242283950617284,30kmh,30kmh/img2114.png
129,130,0.2685185185185185,0.6274691334477177,0.2469135802469136,0.2098765432098766,30kmh,30kmh/img2115.png
130,131,0.3279320987654321,0.353549380361298,0.1929012345679012,0.2638888888888889,30kmh,30kmh/img2116.png
131,132,0.4483024691358024,0.779475306287224,0.1805555555555555,0.2885802469135802,30kmh,30kmh/img2117.png
132,133,0.650462962962963,0.7077160470279646,0.177469135802469,0.2561728395061728,30kmh,30kmh/img2118.png
133,134,0.261574074074074,0.6984567877687053,0.2299382716049382,0.3024691358024691,30kmh,30kmh/img2119.png
134,135,0.3379629629629629,0.5796296272748782,0.2160493827160493,0.1851851851851851,30kmh,30kmh/img2120.png
135,136,0.294753086419753,0.206944442089693,0.2098765432098765,0.2484567901234567,30kmh,30kmh/img2121.png
136,137,,,,,,30kmh/img2122.png
137,138,,,,,,30kmh/img2123.png
138,139,0.6450617283950617,0.1845678988798165,0.1172839506172839,0.2006172839506173,30kmh,30kmh/img2124.png
139,140,0.3009259259259259,0.2370370346822856,0.1203703703703703,0.1481481481481481,30kmh,30kmh/img2125.png
140,141,0.4436728395061728,0.1884259235711745,0.2021604938271604,0.2453703703703703,30kmh,30kmh/img2126.png
141,142,0.5748456790123457,0.2941358001143844,0.1651234567901234,0.1975308641975308,30kmh,30kmh/img2127.png
142,143,0.595679012345679,0.4662037013489523,0.4043209876543209,0.5540123456790124,30kmh,30kmh/img2128.png
143,144,0.2970679012345679,0.2493827136946313,0.2237654320987654,0.2438271604938271,30kmh,30kmh/img2129.png
144,145,0.3132716049382716,0.3697530840650017,0.2191358024691358,0.2407407407407407,30kmh,30kmh/img2130.png
145,146,0.3449074074074074,0.3003086396205572,0.1836419753086419,0.2006172839506173,30kmh,30kmh/img2131.png
146,147,0.5570987654320987,0.6675925902378412,0.2191358024691357,0.228395061728395,30kmh,30kmh/img2132.png
147,148,0.6944444444444444,0.5441358001143843,0.1944444444444444,0.2067901234567901,30kmh,30kmh/img2133.png
148,149,0.3973765432098765,0.1513888865341374,0.1712962962962962,0.2422839506172839,30kmh,30kmh/img2134.png
149,150,0.2584876543209876,0.4692901211020387,0.1959876543209876,0.1466049382716049,30kmh,30kmh/img2135.png
150,151,0.3688271604938271,0.4407407383859894,0.132716049382716,0.1481481481481482,30kmh,30kmh/img2136.png
151,152,0.3726851851851852,0.6089506149291992,0.1496913580246913,0.1481481481481481,30kmh,30kmh/img2137.png
152,153,0.6072530864197531,0.2933641951761128,0.2145061728395061,0.2237654320987654,30kmh,30kmh/img2138.png
153,154,0.5239197530864197,0.228549380361298,0.1373456790123456,0.2546296296296296,30kmh,30kmh/img2139.png
154,155,0.5563271604938271,0.3111111087563597,0.1589506172839506,0.2160493827160493,30kmh,30kmh/img2140.png
155,156,0.2561728395061728,0.2154320964106806,0.1666666666666666,0.2345679012345679,30kmh,30kmh/img2141.png
156,157,0.2932098765432098,0.4330246890032733,0.1790123456790123,0.1790123456790123,30kmh,30kmh/img2142.png
157,158,0.5848765432098766,0.5557098741884585,0.1820987654320988,0.1929012345679012,30kmh,30kmh/img2143.png
158,159,0.5030864197530864,0.4507716025835202,0.154320987654321,0.2268518518518518,30kmh,30kmh/img2144.png
159,160,0.3587962962962963,0.2547839482625326,0.1959876543209876,0.2916666666666667,30kmh,30kmh/img2145.png
160,161,0.4637345679012346,0.7848765408551251,0.1527777777777777,0.3487654320987654,30kmh,30kmh/img2146.png
161,162,0.2052469135802469,0.544907405052656,0.2376543209876543,0.2422839506172839,30kmh,30kmh/img2147.png
162,163,0.4760802469135802,0.7671296272748782,0.199074074074074,0.3256172839506173,30kmh,30kmh/img2148.png
163,164,0.3711419753086419,0.7709876519662362,0.2484567901234567,0.3086419753086419,30kmh,30kmh/img2149.png
164,165,0.6481481481481481,0.482407405052656,0.2160493827160494,0.2654320987654321,30kmh,30kmh/img2150.png
165,166,0.4737654320987654,0.7925925902378412,0.2067901234567901,0.324074074074074,30kmh,30kmh/img2151.png
166,167,0.2407407407407407,0.3697530840650017,0.2839506172839506,0.2716049382716049,30kmh,30kmh/img2152.png
167,168,0.625,0.6899691334477177,0.287037037037037,0.3194444444444444,30kmh,30kmh/img2153.png
168,169,0.6072530864197531,0.2300925902378411,0.2175925925925925,0.3132716049382716,30kmh,30kmh/img2154.png
169,170,0.6975308641975309,0.6050925902378412,0.1975308641975308,0.2391975308641974,30kmh,30kmh/img2155.png
170,171,0.4367283950617284,0.6259259235711745,0.1388888888888889,0.2777777777777778,30kmh,30kmh/img2156.png
171,172,0.6111111111111112,0.3913580223366066,0.1975308641975308,0.2530864197530864,30kmh,30kmh/img2157.png
172,173,0.5146604938271605,0.4754629606082116,0.1867283950617284,0.2515432098765431,30kmh,30kmh/img2158.png
173,174,0.4367283950617284,0.3041666643119153,0.2253086419753086,0.2422839506172839,30kmh,30kmh/img2159.png
174,175,0.4938271604938271,0.7733024667810511,0.1481481481481481,0.2299382716049383,30kmh,30kmh/img2160.png
175,176,0.6466049382716049,0.6776234544353721,0.1327160493827159,0.220679012345679,30kmh,30kmh/img2161.png
176,177,0.5061728395061729,0.3296296272748782,0.1481481481481482,0.191358024691358,30kmh,30kmh/img2162.png
177,178,0.5925925925925926,0.5287037013489524,0.1728395061728395,0.1851851851851852,30kmh,30kmh/img2163.png
178,179,0.7114197530864197,0.4337962939415449,0.20679012345679,0.2175925925925926,30kmh,30kmh/img2164.png
179,180,0.5702160493827161,0.7810185161637672,0.162037037037037,0.2237654320987654,30kmh,30kmh/img2165.png
180,181,0.4012345679012346,0.5024691334477177,0.1481481481481481,0.1604938271604938,30kmh,30kmh/img2166.png
181,182,,,,,,30kmh/img2167.png
182,183,0.7091049382716049,0.4816358001143844,0.1898148148148148,0.1743827160493827,30kmh,30kmh/img2625.png
183,184,0.8310185185185185,0.7408950593736436,0.2361111111111111,0.2638888888888888,30kmh,30kmh/img2626.png
184,185,0.6126543209876543,0.7100308618427795,0.1728395061728395,0.2638888888888889,30kmh,30kmh/img2627.png
185,186,0.2685185185185185,0.6351851828304338,0.2777777777777778,0.2253086419753086,30kmh,30kmh/img2628.png
186,187,0.3641975308641975,0.3118827136946313,0.2098765432098765,0.2608024691358024,30kmh,30kmh/img2629.png
187,188,0.4405864197530864,0.7817901211020387,0.1774691358024691,0.2839506172839505,30kmh,30kmh/img2630.png
188,189,0.6334876543209876,0.713117281595866,0.1805555555555555,0.2608024691358025,30kmh,30kmh/img2631.png
189,190,0.2708333333333333,0.7054012322131498,0.2330246913580247,0.2916666666666666,30kmh,30kmh/img2632.png
190,191,0.3279320987654321,0.5533950593736436,0.1929012345679012,0.1851851851851852,30kmh,30kmh/img2633.png
191,192,0.287037037037037,0.2054012322131498,0.2037037037037037,0.1959876543209876,30kmh,30kmh/img2634.png
192,193,0.2646604938271605,0.1436728371514214,0.103395061728395,0.1743827160493827,30kmh,30kmh/img2635.png
193,194,,,,,,30kmh/img2636.png
194,195,0.5902777777777778,0.1660493803612979,0.0910493827160494,0.1481481481481481,30kmh,30kmh/img2637.png
195,196,0.3603395061728395,0.1868827136946313,0.1311728395061728,0.1682098765432098,30kmh,30kmh/img2638.png
196,197,0.5370370370370371,0.166049380361298,0.1944444444444444,0.2469135802469136,30kmh,30kmh/img2639.png
197,198,0.5393518518518519,0.2910493803612979,0.1466049382716048,0.1790123456790123,30kmh,30kmh/img2640.png
198,199,0.5987654320987654,0.4592592569045078,0.3950617283950617,0.462962962962963,30kmh,30kmh/img2641.png
199,200,0.3595679012345679,0.203086417398335,0.1790123456790123,0.228395061728395,30kmh,30kmh/img2642.png
200,201,0.2893518518518518,0.4376543186329029,0.2175925925925926,0.1975308641975308,30kmh,30kmh/img2643.png
201,202,0.3695987654320988,0.24398147912673,0.1867283950617284,0.2330246913580247,30kmh,30kmh/img2644.png
202,203,0.5679012345679012,0.6598765408551251,0.2067901234567901,0.2067901234567901,30kmh,30kmh/img2645.png
203,204,0.6929012345679012,0.4800925902378412,0.2037037037037037,0.162037037037037,30kmh,30kmh/img2646.png
204,205,,,,,,30kmh/img2647.png
205,206,0.2623456790123457,0.4677469112254955,0.2037037037037037,0.1466049382716049,30kmh,30kmh/img2648.png
206,207,0.3649691358024691,0.4361111087563597,0.1280864197530864,0.1450617283950617,30kmh,30kmh/img2649.png
207,208,0.3341049382716049,0.5464506149291992,0.125,0.1558641975308641,30kmh,30kmh/img2650.png
208,209,0.5910493827160493,0.2972222198674708,0.2067901234567901,0.2407407407407407,30kmh,30kmh/img2651.png
209,210,0.5555555555555556,0.2393518494971004,0.1111111111111111,0.2484567901234568,30kmh,30kmh/img2652.png
210,211,0.5671296296296297,0.3095678988798165,0.1589506172839506,0.228395061728395,30kmh,30kmh/img2653.png
211,212,0.2716049382716049,0.199228392706977,0.1666666666666666,0.2145061728395061,30kmh,30kmh/img2654.png
212,213,0.2862654320987654,0.5225308618427795,0.2021604938271605,0.1728395061728395,30kmh,30kmh/img2655.png
213,214,0.5447530864197531,0.5958333309785819,0.1543209876543209,0.2114197530864197,30kmh,30kmh/img2656.png
214,215,0.4915123456790123,0.453086417398335,0.1558641975308641,0.2222222222222222,30kmh,30kmh/img2657.png
215,216,0.3225308641975308,0.2964506149291992,0.2253086419753086,0.2885802469135802,30kmh,30kmh/img2658.png
216,217,0.5162037037037037,0.8219135778921622,0.2052469135802468,0.2870370370370371,30kmh,30kmh/img2659.png
217,218,0.199074074074074,0.507870368015619,0.2191358024691357,0.2145061728395061,30kmh,30kmh/img2660.png
218,219,0.4814814814814815,0.7748456766575943,0.2067901234567901,0.3348765432098766,30kmh,30kmh/img2661.png
219,220,0.3834876543209876,0.7771604914724091,0.3009259259259259,0.3024691358024691,30kmh,30kmh/img2662.png
220,221,0.6628086419753086,0.4885802445588288,0.2453703703703704,0.2654320987654321,30kmh,30kmh/img2663.png
221,222,0.5030864197530864,0.8095678988798165,0.2160493827160494,0.3271604938271604,30kmh,30kmh/img2664.png
222,223,0.261574074074074,0.3350308618427794,0.2638888888888889,0.2824074074074074,30kmh,30kmh/img2665.png
223,224,0.6419753086419753,0.6915123433242609,0.2407407407407408,0.337962962962963,30kmh,30kmh/img2666.png
224,225,0.6558641975308641,0.2486111087563597,0.2314814814814815,0.3256172839506173,30kmh,30kmh/img2667.png
225,226,0.7006172839506173,0.6104938248057424,0.2160493827160494,0.2469135802469135,30kmh,30kmh/img2668.png
226,227,0.4776234567901234,0.6374999976452487,0.1558641975308642,0.2422839506172839,30kmh,30kmh/img2669.png
227,228,0.6273148148148149,0.41219135566994,0.2021604938271605,0.2453703703703703,30kmh,30kmh/img2670.png
228,229,0.5030864197530864,0.4770061704847548,0.191358024691358,0.2114197530864197,30kmh,30kmh/img2671.png
229,230,0.5300925925925926,0.2787037013489523,0.1620370370370371,0.2530864197530864,30kmh,30kmh/img2672.png
230,231,0.5300925925925926,0.7763888865341375,0.1249999999999999,0.2114197530864197,30kmh,30kmh/img2673.png
231,232,0.662037037037037,0.6729938248057423,0.1512345679012344,0.2515432098765432,30kmh,30kmh/img2674.png
232,233,0.4907407407407407,0.3466049359168535,0.1419753086419753,0.2253086419753086,30kmh,30kmh/img2675.png
233,234,0.599537037037037,0.5371913556699399,0.1311728395061727,0.2021604938271605,30kmh,30kmh/img2676.png
234,235,0.6867283950617284,0.3882716025835202,0.1820987654320988,0.2222222222222222,30kmh,30kmh/img2677.png
235,236,0.6049382716049383,0.7748456766575943,0.1358024691358024,0.2083333333333332,30kmh,30kmh/img2678.png
236,237,0.4074074074074074,0.49398147912673,0.1512345679012345,0.1435185185185185,30kmh,30kmh/img2679.png
237,238,0.7029320987654322,0.5526234544353721,0.1620370370370371,0.1867283950617284,30kmh,30kmh/img3138.png
238,239,0.8302469135802469,0.7632716025835202,0.2407407407407407,0.2592592592592593,30kmh,30kmh/img3139.png
239,240,0.5655864197530864,0.7324074050526561,0.1712962962962962,0.2222222222222222,30kmh,30kmh/img3140.png
240,241,0.2337962962962962,0.531018516163767,0.2484567901234567,0.2391975308641974,30kmh,30kmh/img3141.png
241,242,0.3665123456790123,0.3219135778921621,0.1867283950617284,0.2932098765432098,30kmh,30kmh/img3142.png
242,243,0.4266975308641975,0.7848765408551251,0.1620370370370371,0.2654320987654321,30kmh,30kmh/img3143.png
243,244,0.7021604938271605,0.6660493803612979,0.2098765432098766,0.2376543209876543,30kmh,30kmh/img3144.png
244,245,0.2492283950617284,0.6814814791267301,0.2145061728395061,0.287037037037037,30kmh,30kmh/img3145.png
245,246,0.3387345679012346,0.5749999976452487,0.183641975308642,0.1759259259259259,30kmh,30kmh/img3146.png
246,247,0.2762345679012346,0.2262345655464832,0.1944444444444444,0.2253086419753086,30kmh,30kmh/img3147.png
247,248,,,,,,30kmh/img3148.png
248,249,,,,,,30kmh/img3149.png
249,250,0.6759259259259259,0.2046296272748782,0.1296296296296295,0.1790123456790123,30kmh,30kmh/img3150.png
250,251,0.3464506172839506,0.2084876519662362,0.1280864197530864,0.162037037037037,30kmh,30kmh/img3151.png
251,252,0.4498456790123457,0.1891975285094461,0.2114197530864198,0.2345679012345679,30kmh,30kmh/img3152.png
252,253,0.5570987654320987,0.2964506149291992,0.1635802469135802,0.1867283950617284,30kmh,30kmh/img3153.png
253,254,0.5933641975308642,0.4631172815958658,0.3719135802469136,0.5015432098765432,30kmh,30kmh/img3154.png
254,255,0.3649691358024691,0.1953703680156189,0.1805555555555555,0.1975308641975308,30kmh,30kmh/img3155.png
255,256,0.2824074074074074,0.4345678988798165,0.2067901234567901,0.1975308641975308,30kmh,30kmh/img3156.png
256,257,0.3271604938271605,0.3172839482625326,0.1728395061728395,0.3148148148148148,30kmh,30kmh/img3157.png
257,258,0.5949074074074074,0.6745370346822857,0.2299382716049383,0.2824074074074074,30kmh,30kmh/img3158.png
258,259,0.712962962962963,0.5194444420896931,0.2530864197530863,0.265432098765432,30kmh,30kmh/img3159.png
259,260,0.2708333333333333,0.2841049359168535,0.2422839506172839,0.2885802469135802,30kmh,30kmh/img3160.png
260,261,0.2669753086419753,0.5441358001143844,0.2129629629629629,0.1944444444444444,30kmh,30kmh/img3161.png
261,262,0.3703703703703703,0.4569444420896931,0.1481481481481481,0.2268518518518519,30kmh,30kmh/img3162.png
262,263,0.3271604938271605,0.5433641951761128,0.1358024691358024,0.2114197530864197,30kmh,30kmh/img3163.png
263,264,0.6087962962962963,0.3057098741884584,0.1805555555555555,0.2361111111111111,30kmh,30kmh/img3164.png
264,265,0.5817901234567902,0.2493827136946313,0.1388888888888888,0.2469135802469136,30kmh,30kmh/img3165.png
265,266,0.5779320987654321,0.3412037013489523,0.125,0.2453703703703704,30kmh,30kmh/img3166.png
266,267,0.2515432098765432,0.2470678988798164,0.1759259259259259,0.2638888888888888,30kmh,30kmh/img3167.png
267,268,0.2854938271604938,0.4947530840650016,0.2006172839506173,0.2037037037037036,30kmh,30kmh/img3168.png
268,269,0.5570987654320987,0.588117281595866,0.1265432098765432,0.2052469135802469,30kmh,30kmh/img3169.png
269,270,0.4791666666666667,0.4484567877687054,0.1959876543209876,0.2345679012345679,30kmh,30kmh/img3170.png
270,271,0.3888888888888888,0.2455246890032733,0.1851851851851851,0.2824074074074074,30kmh,30kmh/img3171.png
271,272,0.4143518518518518,0.7686728371514214,0.1373456790123456,0.3317901234567901,30kmh,30kmh/img3172.png
272,273,0.2091049382716049,0.5533950593736436,0.2330246913580247,0.2314814814814815,30kmh,30kmh/img3173.png
273,274,0.5740740740740741,0.7578703680156189,0.2592592592592593,0.3101851851851852,30kmh,30kmh/img3174.png
274,275,0.3047839506172839,0.7293209852995696,0.2021604938271605,0.308641975308642,30kmh,30kmh/img3175.png
275,276,0.6489197530864198,0.4800925902378412,0.2237654320987654,0.2484567901234567,30kmh,30kmh/img3176.png
276,277,0.5455246913580247,0.8072530840650016,0.2021604938271605,0.3503086419753086,30kmh,30kmh/img3177.png
277,278,0.2530864197530864,0.3334876519662362,0.2685185185185185,0.2916666666666666,30kmh,30kmh/img3178.png
278,279,0.6998456790123457,0.6621913556699399,0.2885802469135802,0.3040123456790123,30kmh,30kmh/img3179.png
279,280,0.6304012345679012,0.2316358001143844,0.2330246913580247,0.3317901234567901,30kmh,30kmh/img3180.png
280,281,0.650462962962963,0.6637345655464832,0.1929012345679012,0.2608024691358025,30kmh,30kmh/img3181.png
281,282,0.4637345679012346,0.6344135778921622,0.1219135802469135,0.2608024691358025,30kmh,30kmh/img3182.png
282,283,0.6010802469135803,0.4013888865341375,0.2052469135802469,0.2731481481481481,30kmh,30kmh/img3183.png
283,284,0.4976851851851852,0.4847222198674707,0.2021604938271605,0.2237654320987653,30kmh,30kmh/img3184.png
284,285,0.5231481481481481,0.2956790099909276,0.1851851851851851,0.2746913580246913,30kmh,30kmh/img3185.png
285,286,0.5509259259259259,0.791049380361298,0.1604938271604938,0.2407407407407407,30kmh,30kmh/img3186.png
286,287,0.691358024691358,0.6467592569045079,0.1975308641975308,0.2237654320987654,30kmh,30kmh/img3187.png
287,288,0.4783950617283951,0.3643518494971004,0.1419753086419753,0.2391975308641975,30kmh,30kmh/img3188.png
288,289,0.5933641975308642,0.5317901211020387,0.1743827160493827,0.2037037037037037,30kmh,30kmh/img3189.png
289,290,0.6944444444444444,0.4206790099909276,0.2191358024691357,0.2314814814814815,30kmh,30kmh/img3190.png
290,291,0.6203703703703703,0.7601851828304338,0.1574074074074074,0.2283950617283949,30kmh,30kmh/img3191.png
291,292,0.4020061728395061,0.4962962939415448,0.1373456790123456,0.1512345679012345,30kmh,30kmh/img3192.png
292,293,0.3888888888888889,0.5302469112254955,0.2191358024691357,0.1419753086419752,30kmh,30kmh/img3193.png
293,294,0.7060185185185186,0.4839506149291992,0.1959876543209876,0.1728395061728395,30kmh,30kmh/img3651.png
294,295,0.7932098765432098,0.8311728371514214,0.2345679012345679,0.3179012345679013,30kmh,30kmh/img3652.png
295,296,0.6188271604938271,0.7115740717193226,0.1574074074074074,0.279320987654321,30kmh,30kmh/img3653.png
296,297,0.2376543209876543,0.5572530840650017,0.2623456790123456,0.2638888888888889,30kmh,30kmh/img3654.png
297,298,0.3248456790123457,0.3990740717193226,0.2484567901234567,0.3086419753086419,30kmh,30kmh/img3655.png
298,299,0.4953703703703703,0.8242283927069771,0.1759259259259259,0.3564814814814815,30kmh,30kmh/img3656.png
299,300,0.7067901234567902,0.6876543186329029,0.25,0.2962962962962963,30kmh,30kmh/img3657.png
300,301,0.2762345679012346,0.716975306287224,0.2407407407407407,0.3364197530864198,30kmh,30kmh/img3658.png
301,302,0.3217592592592592,0.5325617260403104,0.2083333333333333,0.2546296296296296,30kmh,30kmh/img3659.png
302,303,0.3580246913580246,0.1768518494971004,0.1728395061728395,0.2623456790123457,30kmh,30kmh/img3660.png
303,304,,,,,,30kmh/img3661.png
304,305,,,,,,30kmh/img3662.png
305,306,0.6450617283950617,0.1861111087563597,0.0925925925925925,0.1666666666666666,30kmh,30kmh/img3663.png
306,307,0.2808641975308642,0.2416666643119152,0.1141975308641975,0.1790123456790123,30kmh,30kmh/img3664.png
307,308,0.5578703703703703,0.1729938248057424,0.1898148148148148,0.2546296296296296,30kmh,30kmh/img3665.png
308,309,0.5208333333333334,0.2779320964106807,0.1651234567901234,0.1929012345679012,30kmh,30kmh/img3666.png
309,310,0.587962962962963,0.4608024667810511,0.4166666666666666,0.4907407407407407,30kmh,30kmh/img3667.png
310,311,0.2638888888888889,0.2864197507316683,0.2191358024691358,0.2530864197530864,30kmh,30kmh/img3668.png
311,312,0.3117283950617284,0.4121913556699399,0.2160493827160493,0.2854938271604938,30kmh,30kmh/img3669.png
312,313,0.3487654320987654,0.3026234544353721,0.1790123456790123,0.3194444444444444,30kmh,30kmh/img3670.png
313,314,0.5871913580246914,0.6830246890032733,0.220679012345679,0.271604938271605,30kmh,30kmh/img3671.png
314,315,0.7006172839506173,0.4955246890032733,0.2037037037037037,0.1959876543209877,30kmh,30kmh/img3672.png
315,316,0.3719135802469135,0.2077160470279646,0.1574074074074073,0.2530864197530864,30kmh,30kmh/img3673.png
316,317,0.2739197530864197,0.558796293941545,0.2145061728395062,0.1496913580246913,30kmh,30kmh/img3674.png
317,318,0.3549382716049383,0.4831790099909276,0.1666666666666666,0.1558641975308642,30kmh,30kmh/img3675.png
318,319,0.349537037037037,0.5819444420896931,0.1496913580246913,0.2175925925925926,30kmh,30kmh/img3676.png
319,320,0.6466049382716049,0.3304012322131498,0.1635802469135803,0.2361111111111111,30kmh,30kmh/img3677.png
320,321,0.570216049382716,0.2478395038180881,0.1466049382716049,0.2407407407407407,30kmh,30kmh/img3678.png
321,322,0.5439814814814814,0.3249999976452485,0.1898148148148147,0.2716049382716049,30kmh,30kmh/img3679.png
322,323,0.2376543209876543,0.2864197507316683,0.2191358024691357,0.287037037037037,30kmh,30kmh/img3680.png
323,324,0.2847222222222222,0.4422839482625325,0.2114197530864197,0.2222222222222222,30kmh,30kmh/img3681.png
324,325,0.5763888888888888,0.5865740717193226,0.1527777777777778,0.2175925925925926,30kmh,30kmh/img3682.png
325,326,0.5,0.4438271581390758,0.1728395061728395,0.2438271604938272,30kmh,30kmh/img3683.png
326,327,0.3888888888888889,0.240123454435372,0.191358024691358,0.3117283950617284,30kmh,30kmh/img3684.png
327,328,0.4290123456790123,0.7864197507316684,0.1419753086419753,0.404320987654321,30kmh,30kmh/img3685.png
328,329,0.2114197530864197,0.5989197507316684,0.2438271604938271,0.2299382716049383,30kmh,30kmh/img3686.png
329,330,0.5833333333333333,0.7586419729538906,0.3086419753086419,0.3333333333333332,30kmh,30kmh/img3687.png
330,331,0.3132716049382716,0.7432098741884585,0.1944444444444444,0.3271604938271605,30kmh,30kmh/img3688.png
331,332,0.6550925925925926,0.4993827136946313,0.2330246913580247,0.2808641975308642,30kmh,30kmh/img3689.png
332,333,0.5439814814814815,0.8010802445588288,0.2145061728395061,0.3533950617283951,30kmh,30kmh/img3690.png
333,334,0.25,0.3512345655464831,0.2777777777777778,0.2993827160493827,30kmh,30kmh/img3691.png
334,335,0.6334876543209876,0.6976851828304338,0.2391975308641976,0.3348765432098766,30kmh,30kmh/img3692.png
335,336,0.6157407407407407,0.2308641951761128,0.2376543209876543,0.3179012345679012,30kmh,30kmh/img3693.png
336,337,0.6651234567901234,0.6575617260403104,0.1944444444444445,0.2762345679012346,30kmh,30kmh/img3694.png
337,338,0.4637345679012346,0.640586417398335,0.183641975308642,0.3194444444444444,30kmh,30kmh/img3695.png
338,339,0.6080246913580247,0.3959876519662362,0.1975308641975308,0.2716049382716049,30kmh,30kmh/img3696.png
339,340,0.5030864197530864,0.4777777754230263,0.154320987654321,0.2407407407407407,30kmh,30kmh/img3697.png
340,341,0.433641975308642,0.3358024667810511,0.2376543209876543,0.2993827160493827,30kmh,30kmh/img3698.png
341,342,0.5447530864197531,0.8211419729538906,0.1450617283950617,0.3009259259259258,30kmh,30kmh/img3699.png
342,343,0.6998456790123457,0.6722222198674708,0.1929012345679012,0.2777777777777778,30kmh,30kmh/img3700.png
343,344,0.4969135802469135,0.3666666643119153,0.1296296296296297,0.2438271604938272,30kmh,30kmh/img3701.png
344,345,0.6010802469135803,0.5209876519662363,0.1558641975308642,0.2006172839506173,30kmh,30kmh/img3702.png
345,346,0.7091049382716049,0.4291666643119152,0.183641975308642,0.2484567901234567,30kmh,30kmh/img3703.png
346,347,0.6782407407407407,0.7455246890032734,0.1867283950617283,0.2484567901234567,30kmh,30kmh/img3704.png
347,348,0.4112654320987654,0.5348765408551251,0.1435185185185185,0.1851851851851851,30kmh,30kmh/img3705.png
348,349,,,,,,30kmh/img3706.png
349,350,0.7029320987654322,0.5410493803612979,0.1682098765432099,0.2191358024691357,30kmh,30kmh/img4164.png
350,351,0.8240740740740741,0.7787037013489524,0.2407407407407407,0.3148148148148147,30kmh,30kmh/img4165.png
351,352,0.6149691358024691,0.7061728371514214,0.1712962962962962,0.3333333333333332,30kmh,30kmh/img4166.png
352,353,0.2561728395061728,0.5973765408551251,0.2561728395061728,0.2422839506172839,30kmh,30kmh/img4167.png
353,354,0.3834876543209876,0.3026234544353721,0.2083333333333333,0.2916666666666667,30kmh,30kmh/img4168.png
354,355,0.3973765432098766,0.7655864173983351,0.1898148148148148,0.3009259259259259,30kmh,30kmh/img4169.png
355,356,0.6666666666666666,0.7339506149291992,0.1975308641975308,0.2993827160493827,30kmh,30kmh/img4170.png
356,357,0.3371913580246913,0.7694444420896931,0.3225308641975308,0.3209876543209876,30kmh,30kmh/img4171.png
357,358,0.3256172839506173,0.5719135778921622,0.2253086419753086,0.2345679012345679,30kmh,30kmh/img4172.png
358,359,0.2461419753086419,0.2532407383859893,0.2330246913580247,0.2299382716049382,30kmh,30kmh/img4173.png
359,360,0.1975308641975308,0.2084876519662362,0.1141975308641975,0.1959876543209876,30kmh,30kmh/img4174.png
360,361,,,,,,30kmh/img4175.png
361,362,0.6203703703703705,0.1753086396205572,0.1265432098765432,0.2160493827160494,30kmh,30kmh/img4176.png
362,363,0.3935185185185185,0.1891975285094461,0.1820987654320987,0.2253086419753086,30kmh,30kmh/img4177.png
363,364,0.4992283950617284,0.1799382692501868,0.2731481481481482,0.2746913580246913,30kmh,30kmh/img4178.png
364,365,0.5841049382716049,0.2941358001143844,0.1805555555555555,0.1759259259259259,30kmh,30kmh/img4179.png
365,366,0.6057098765432098,0.4577160470279646,0.4614197530864198,0.5030864197530864,30kmh,30kmh/img4180.png
366,367,0.2847222222222222,0.261728392706977,0.2638888888888889,0.2222222222222222,30kmh,30kmh/img4181.png
367,368,0.2939814814814815,0.4662037013489523,0.2515432098765432,0.2731481481481481,30kmh,30kmh/img4182.png
368,369,0.375,0.2856481457933967,0.2469135802469135,0.3101851851851851,30kmh,30kmh/img4183.png
369,370,0.5825617283950617,0.7015432075217918,0.2669753086419753,0.2993827160493827,30kmh,30kmh/img4184.png
370,371,0.683641975308642,0.5618827136946313,0.2160493827160493,0.2391975308641975,30kmh,30kmh/img4185.png
371,372,0.341820987654321,0.1876543186329029,0.1774691358024691,0.2561728395061728,30kmh,30kmh/img4186.png
372,373,0.2746913580246913,0.4260802445588288,0.265432098765432,0.257716049382716,30kmh,30kmh/img4187.png
373,374,0.371141975308642,0.4808641951761128,0.162037037037037,0.2376543209876542,30kmh,30kmh/img4188.png
374,375,0.3549382716049383,0.5811728371514214,0.1790123456790123,0.2191358024691358,30kmh,30kmh/img4189.png
375,376,0.6219135802469136,0.328086417398335,0.2191358024691357,0.2808641975308642,30kmh,30kmh/img4190.png
376,377,0.5154320987654322,0.2416666643119153,0.1728395061728395,0.271604938271605,30kmh,30kmh/img4191.png
377,378,0.5694444444444444,0.324228392706977,0.1512345679012345,0.2515432098765432,30kmh,30kmh/img4192.png
378,379,0.2361111111111111,0.269444442089693,0.2067901234567901,0.2716049382716049,30kmh,30kmh/img4193.png
379,380,0.2901234567901234,0.4615740717193226,0.2098765432098765,0.2237654320987653,30kmh,30kmh/img4194.png
380,381,0.5501543209876543,0.6004629606082116,0.1774691358024691,0.2237654320987654,30kmh,30kmh/img4195.png
381,382,0.5123456790123457,0.4391975285094461,0.169753086419753,0.2345679012345679,30kmh,30kmh/img4196.png
382,383,0.4498456790123457,0.2231481457933967,0.2453703703703703,0.324074074074074,30kmh,30kmh/img4197.png
383,384,0.3888888888888889,0.7771604914724091,0.2222222222222222,0.3487654320987654,30kmh,30kmh/img4198.png
384,385,0.2291666666666666,0.6151234544353721,0.3256172839506173,0.2592592592592593,30kmh,30kmh/img4199.png
385,386,0.4537037037037037,0.7632716025835202,0.25,0.3703703703703703,30kmh,30kmh/img4200.png
386,387,0.3410493827160494,0.746296293941545,0.2438271604938271,0.3518518518518517,30kmh,30kmh/img4201.png
387,388,0.654320987654321,0.4438271581390757,0.2839506172839505,0.2716049382716049,30kmh,30kmh/img4202.png
388,389,0.5061728395061729,0.7949074050526561,0.2345679012345679,0.3503086419753086,30kmh,30kmh/img4203.png
389,390,0.2523148148148148,0.3450617260403104,0.2577160493827161,0.2808641975308642,30kmh,30kmh/img4204.png
390,391,0.691358024691358,0.6575617260403104,0.2746913580246913,0.2978395061728395,30kmh,30kmh/img4205.png
391,392,0.6550925925925926,0.2524691334477177,0.236111111111111,0.3611111111111111,30kmh,30kmh/img4206.png
392,393,0.6712962962962963,0.6475308618427794,0.1944444444444444,0.2993827160493826,30kmh,30kmh/img4207.png
393,394,0.4876543209876543,0.6483024667810511,0.1820987654320988,0.2916666666666667,30kmh,30kmh/img4208.png
394,395,0.5972222222222222,0.3774691334477177,0.2685185185185185,0.2407407407407407,30kmh,30kmh/img4209.png
395,396,0.4945987654320988,0.4762345655464831,0.1774691358024691,0.2438271604938271,30kmh,30kmh/img4210.png
396,397,0.466820987654321,0.2925925902378412,0.1589506172839506,0.2839506172839506,30kmh,30kmh/img4211.png
397,398,0.4753086419753086,0.7979938248057424,0.1882716049382715,0.2916666666666667,30kmh,30kmh/img4212.png
398,399,0.691358024691358,0.6706790099909277,0.1851851851851852,0.25,30kmh,30kmh/img4213.png
399,400,0.4297839506172839,0.3643518494971004,0.1898148148148148,0.2299382716049382,30kmh,30kmh/img4214.png
400,401,0.6111111111111112,0.5202160470279646,0.1975308641975308,0.2299382716049383,30kmh,30kmh/img4215.png
401,402,0.7191358024691358,0.4577160470279646,0.2006172839506173,0.2901234567901234,30kmh,30kmh/img4216.png
402,403,0.5709876543209876,0.7748456766575942,0.1666666666666666,0.2453703703703703,30kmh,30kmh/img4217.png
403,404,0.4151234567901234,0.5279320964106807,0.1450617283950617,0.1589506172839506,30kmh,30kmh/img4218.png
404,405,,,,,,30kmh/img4219.png
405,406,0.7013888888888888,0.49398147912673,0.1774691358024691,0.1774691358024691,30kmh,30kmh/img573.png
406,407,0.7808641975308642,0.8180555532008041,0.2407407407407407,0.3070987654320987,30kmh,30kmh/img574.png
407,408,0.6404320987654322,0.699228392706977,0.1882716049382716,0.2145061728395061,30kmh,30kmh/img575.png
408,409,0.2631172839506173,0.6236111087563597,0.2422839506172839,0.2052469135802468,30kmh,30kmh/img576.png
409,410,0.3649691358024691,0.3141975285094461,0.2083333333333333,0.2808641975308641,30kmh,30kmh/img577.png
410,411,0.4467592592592592,0.8010802445588289,0.2021604938271605,0.3101851851851851,30kmh,30kmh/img578.png
411,412,0.6751543209876543,0.7077160470279646,0.199074074074074,0.2777777777777777,30kmh,30kmh/img579.png
412,413,0.2376543209876543,0.669907405052656,0.2407407407407407,0.3287037037037037,30kmh,30kmh/img580.png
413,414,0.3132716049382716,0.5757716025835202,0.2098765432098765,0.2268518518518518,30kmh,30kmh/img581.png
414,415,0.3641975308641975,0.1799382692501868,0.1944444444444444,0.2592592592592592,30kmh,30kmh/img582.png
415,416,,,,,,30kmh/img583.png
416,417,,,,,,30kmh/img584.png
417,418,,,,,,30kmh/img585.png
418,419,,,,,,30kmh/img586.png
419,420,0.5563271604938271,0.177623454435372,0.1743827160493827,0.2422839506172839,30kmh,30kmh/img587.png
420,421,0.6033950617283951,0.3003086396205572,0.191358024691358,0.1820987654320987,30kmh,30kmh/img588.png
421,422,0.6033950617283951,0.4770061704847548,0.441358024691358,0.5447530864197531,30kmh,30kmh/img589.png
422,423,0.3310185185185185,0.2293209852995695,0.2175925925925926,0.228395061728395,30kmh,30kmh/img590.png
423,424,0.2932098765432099,0.4361111087563597,0.2222222222222222,0.2993827160493827,30kmh,30kmh/img591.png
424,425,0.2847222222222222,0.3481481457933967,0.2299382716049382,0.3086419753086419,30kmh,30kmh/img592.png
425,426,0.5192901234567902,0.6891975285094462,0.2391975308641974,0.2962962962962963,30kmh,30kmh/img593.png
426,427,0.7037037037037037,0.4962962939415449,0.2253086419753086,0.2253086419753086,30kmh,30kmh/img594.png
427,428,0.2878086419753086,0.2501543186329029,0.2669753086419753,0.2854938271604938,30kmh,30kmh/img595.png
428,429,0.2700617283950617,0.4770061704847547,0.2314814814814814,0.2391975308641974,30kmh,30kmh/img596.png
429,430,0.3611111111111111,0.486265429744014,0.1666666666666666,0.2083333333333333,30kmh,30kmh/img597.png
430,431,0.3842592592592593,0.6282407383859894,0.1851851851851851,0.1867283950617283,30kmh,30kmh/img598.png
431,432,0.6157407407407407,0.3342592569045078,0.2314814814814815,0.265432098765432,30kmh,30kmh/img599.png
432,433,0.6944444444444444,0.5402777754230264,0.1790123456790123,0.2145061728395061,30kmh,30kmh/img60.png
433,434,0.474537037037037,0.2478395038180881,0.2083333333333333,0.228395061728395,30kmh,30kmh/img600.png
434,435,0.5887345679012346,0.3697530840650017,0.1929012345679012,0.25,30kmh,30kmh/img601.png
435,436,0.2237654320987654,0.3026234544353721,0.2407407407407407,0.2515432098765432,30kmh,30kmh/img602.png
436,437,0.287037037037037,0.5163580223366067,0.2037037037037037,0.2253086419753086,30kmh,30kmh/img603.png
437,438,0.5354938271604939,0.6050925902378412,0.2191358024691357,0.2422839506172839,30kmh,30kmh/img604.png
438,439,0.4938271604938272,0.4515432075217918,0.2253086419753086,0.2376543209876543,30kmh,30kmh/img605.png
439,440,0.4297839506172839,0.2331790099909276,0.2175925925925925,0.294753086419753,30kmh,30kmh/img606.png
440,441,0.4645061728395061,0.7987654297440141,0.2129629629629629,0.2932098765432099,30kmh,30kmh/img607.png
441,442,0.2037037037037037,0.511728392706977,0.2469135802469136,0.212962962962963,30kmh,30kmh/img608.png
442,443,0.5354938271604939,0.7570987630773474,0.2685185185185185,0.3271604938271605,30kmh,30kmh/img609.png
443,444,0.7469135802469136,0.8288580223366067,0.2962962962962963,0.316358024691358,30kmh,30kmh/img61.png
444,445,0.2669753086419753,0.7270061704847548,0.2932098765432099,0.3348765432098766,30kmh,30kmh/img610.png
445,446,0.6535493827160495,0.4584876519662362,0.2885802469135802,0.2515432098765432,30kmh,30kmh/img611.png
446,447,0.6111111111111112,0.7856481457933968,0.2962962962962963,0.3163580246913581,30kmh,30kmh/img612.png
447,448,0.2199074074074073,0.4345678988798165,0.2484567901234567,0.2685185185185185,30kmh,30kmh/img613.png
448,449,0.6450617283950617,0.6930555532008041,0.2685185185185185,0.3194444444444444,30kmh,30kmh/img614.png
449,450,0.5972222222222222,0.2270061704847547,0.2839506172839505,0.3256172839506173,30kmh,30kmh/img615.png
450,451,0.6867283950617284,0.6429012322131499,0.2623456790123456,0.2901234567901234,30kmh,30kmh/img616.png
451,452,0.4351851851851851,0.6436728371514214,0.2067901234567901,0.279320987654321,30kmh,30kmh/img617.png
452,453,0.6003086419753086,0.3990740717193227,0.2314814814814814,0.2685185185185185,30kmh,30kmh/img618.png
453,454,0.5270061728395061,0.4800925902378412,0.2237654320987653,0.236111111111111,30kmh,30kmh/img619.png
454,455,0.5817901234567902,0.7200617260403104,0.1882716049382716,0.3055555555555554,30kmh,30kmh/img62.png
455,456,0.4212962962962963,0.3373456766575943,0.2376543209876542,0.287037037037037,30kmh,30kmh/img620.png
456,457,0.4683641975308642,0.8111111087563597,0.2114197530864197,0.308641975308642,30kmh,30kmh/img621.png
457,458,0.6666666666666667,0.6853395038180881,0.2345679012345679,0.2978395061728395,30kmh,30kmh/img622.png
458,459,0.4614197530864197,0.386728392706977,0.2098765432098765,0.2808641975308641,30kmh,30kmh/img623.png
459,460,0.6095679012345678,0.5379629606082116,0.1728395061728395,0.2345679012345679,30kmh,30kmh/img624.png
460,461,0.6921296296296297,0.4615740717193227,0.2391975308641976,0.2546296296296296,30kmh,30kmh/img625.png
461,462,0.6419753086419753,0.7586419729538907,0.1574074074074074,0.2253086419753086,30kmh,30kmh/img626.png
462,463,0.4074074074074074,0.5379629606082116,0.1851851851851851,0.1481481481481481,30kmh,30kmh/img627.png
463,464,,,,,,30kmh/img628.png
464,465,0.2461419753086419,0.5973765408551251,0.2484567901234567,0.2330246913580247,30kmh,30kmh/img63.png
465,466,0.324074074074074,0.3874999976452486,0.2376543209876543,0.2577160493827161,30kmh,30kmh/img64.png
466,467,0.4459876543209876,0.7941358001143843,0.1604938271604938,0.2839506172839506,30kmh,30kmh/img65.png
467,468,0.6797839506172839,0.669907405052656,0.2330246913580247,0.2453703703703704,30kmh,30kmh/img66.png
468,469,0.3271604938271605,0.7563271581390758,0.2808641975308642,0.2854938271604937,30kmh,30kmh/img67.png
469,470,0.3325617283950617,0.5641975285094462,0.1929012345679012,0.2006172839506173,30kmh,30kmh/img68.png
470,471,0.3611111111111111,0.1837962939415448,0.1635802469135802,0.2638888888888888,30kmh,30kmh/img69.png
471,472,0.2592592592592592,0.1544753062872239,0.1512345679012345,0.1959876543209877,30kmh,30kmh/img70.png
472,473,,,,,,30kmh/img71.png
473,474,,,,,,30kmh/img72.png
474,475,0.2762345679012346,0.2493827136946313,0.1296296296296296,0.154320987654321,30kmh,30kmh/img73.png
475,476,0.4922839506172839,0.1822530840650016,0.2253086419753086,0.2484567901234567,30kmh,30kmh/img74.png
476,477,0.5570987654320988,0.2910493803612979,0.1882716049382716,0.2037037037037037,30kmh,30kmh/img75.png
477,478,0.5902777777777778,0.4947530840650017,0.4614197530864197,0.5401234567901235,30kmh,30kmh/img76.png
478,479,0.3379629629629629,0.2208333309785819,0.2098765432098765,0.2391975308641975,30kmh,30kmh/img77.png
479,480,0.3271604938271605,0.3620370346822856,0.2314814814814815,0.308641975308642,30kmh,30kmh/img78.png
480,481,0.3395061728395062,0.2918209852995695,0.2469135802469136,0.3287037037037037,30kmh,30kmh/img79.png
481,482,0.5216049382716049,0.6938271581390758,0.25,0.2901234567901235,30kmh,30kmh/img80.png
482,483,0.6975308641975309,0.5541666643119152,0.2098765432098766,0.2515432098765432,30kmh,30kmh/img81.png
483,484,0.371141975308642,0.1999999976452486,0.2052469135802468,0.3055555555555555,30kmh,30kmh/img82.png
484,485,0.2631172839506173,0.4908950593736436,0.2083333333333333,0.1959876543209877,30kmh,30kmh/img83.png
485,486,0.3688271604938271,0.478549380361298,0.1450617283950617,0.183641975308642,30kmh,30kmh/img84.png
486,487,0.3348765432098766,0.5356481457933968,0.1574074074074073,0.199074074074074,30kmh,30kmh/img85.png
487,488,0.6188271604938271,0.324228392706977,0.228395061728395,0.279320987654321,30kmh,30kmh/img86.png
488,489,0.5910493827160493,0.2679012322131498,0.2191358024691358,0.2993827160493827,30kmh,30kmh/img87.png
489,490,0.5694444444444444,0.3427469112254955,0.1759259259259259,0.2731481481481481,30kmh,30kmh/img88.png
490,491,0.2399691358024691,0.2887345655464831,0.2237654320987654,0.257716049382716,30kmh,30kmh/img89.png
491,492,0.2955246913580247,0.4746913556699399,0.1959876543209877,0.2098765432098765,30kmh,30kmh/img90.png
492,493,0.5910493827160495,0.5842592569045079,0.1728395061728395,0.1944444444444444,30kmh,30kmh/img91.png
493,494,0.5069444444444444,0.449228392706977,0.1836419753086419,0.2361111111111111,30kmh,30kmh/img92.png
494,495,0.4205246913580246,0.2300925902378412,0.199074074074074,0.3040123456790123,30kmh,30kmh/img93.png
495,496,0.5308641975308642,0.7933641951761128,0.1975308641975309,0.2854938271604939,30kmh,30kmh/img94.png
496,497,0.2152777777777778,0.5510802445588289,0.2422839506172839,0.2391975308641976,30kmh,30kmh/img95.png
497,498,0.4922839506172839,0.7725308618427795,0.1882716049382716,0.3148148148148147,30kmh,30kmh/img96.png
498,499,0.3047839506172839,0.7231481457933968,0.2175925925925926,0.3148148148148147,30kmh,30kmh/img97.png
499,500,0.6481481481481481,0.4885802445588288,0.2469135802469135,0.2777777777777777,30kmh,30kmh/img98.png
500,501,0.5185185185185186,0.7987654297440141,0.2777777777777778,0.3549382716049382,30kmh,30kmh/img99.png
